lfdr,p_values
0.0,1.1211339034994e-311
0.0,1e-305
0.0,1e-305
0.0,1e-305
0.0,1e-305
0.0,1e-305
0.0,1e-305
0.0,1e-305
0.0,1e-305
0.0,1e-305
0.0,1e-305
0.0,1e-305
0.0,1e-305
0.0,1e-305
0.0,1e-305
0.0,1e-305
0.0,1e-305
0.0,1e-305
0.0,1e-305
0.0,1e-305
0.0,1e-305
0.0,1e-305
0.0,1e-305
0.0,1e-305
0.0,5.084856355428713e-275
0.0,1.2876338529362224e-240
0.0,5.849223279376946e-240
0.0,3.4922751263850583e-237
0.0,4.82089174794849e-235
0.0,1.8413359701161454e-231
0.0,3.993966762629986e-208
0.0,6.318048194276352e-193
0.0,2.985524510717158e-181
0.0,2.4645516438546455e-174
0.0,4.199543136095124e-174
0.0,3.262519810204793e-169
0.0,8.906432975909425e-143
0.0,2.4104500083257433e-140
0.0,5.195769215493393e-129
0.0,1.8523572376745524e-115
0.0,3.5181805276731713e-109
0.0,1.794713192945816e-103
0.0,3.542171774819012e-98
0.0,1.7380235747955284e-92
0.0,2.829096083595453e-86
0.0,1.862041270509521e-84
0.0,1.506251070858972e-75
0.0,9.527472867465709e-74
0.0,1.5062047107264556e-72
0.0,2.2306653024103622e-72
0.0,1.446282066836634e-69
0.0,3.960398626700991e-64
0.0,2.3095810820693273e-62
0.0,1.0261807585331004e-59
0.0,7.766041835973963e-59
0.0,2.442904610446154e-55
0.0,1.3556411681479567e-53
0.0,2.0770325178255187e-53
0.0,4.9201203625382005e-50
0.0,7.976399209391671e-47
0.0,6.629858483360101e-46
0.0,6.309820490858792e-45
0.0,6.634460478127049e-44
0.0,4.581960309562692e-43
0.0,7.070307948326575e-42
0.0,1.0559202820313739e-40
0.0,5.390112128482038e-36
0.0,1.7343299261951967e-34
0.0,2.0196106189398156e-34
0.0,5.880732205134713e-34
0.0,2.333414564704485e-33
0.0,1.2293348046198169e-31
0.0,2.80077001164364e-30
0.0,2.9916236785754156e-30
0.0,9.304690048977457e-30
0.0,6.219779338175126e-29
0.0,1.127414933343844e-28
0.0,3.2289430856063067e-28
0.0,1.337730944968252e-26
0.0,1.4837313932694237e-26
0.0,4.734695560123997e-26
0.0,1.1737785140223414e-25
0.0,9.172412988639094e-25
0.0,3.6522076108917485e-23
0.0,8.294830357554908e-23
0.0,1.3369953173549047e-22
0.0,2.9124842993979476e-22
0.0,9.95105880335258e-22
0.0,2.018806119418008e-20
0.0,3.051935713792687e-20
0.0,3.3665669674426917e-20
0.0,1.0498792057466515e-19
0.0,7.924167909738948e-19
0.0,3.2740171401075753e-17
0.0,1.1102230246251565e-16
0.0,1.1102230246251565e-16
0.0,3.3306690738754696e-16
0.0,9.992007221626409e-16
0.0,4.3298697960381105e-15
0.0,1.1102230246251565e-14
0.0,1.2212453270876722e-14
0.0,1.3655743202889425e-14
0.0,4.0745185003743245e-14
0.0,3.402833570476105e-13
0.0,5.574429806642911e-13
0.0,1.9803048090238917e-12
0.0,2.057243264630415e-12
0.0,3.3527625120655102e-12
0.0,3.4331426590483716e-12
0.0,6.477152147965626e-12
0.0,1.3417045252595017e-11
0.0,9.150347146658078e-11
0.0,1.3247569707885987e-10
0.0,1.6773071820352925e-10
0.0,3.1092639574126224e-10
0.0,3.390919767198852e-10
0.0,4.3163017604541665e-10
0.0,5.397581270827345e-10
0.0,7.701311810492939e-10
0.0,1.0527458904618925e-09
0.0,2.6719166879018985e-09
0.0,2.9811848545335806e-09
0.0,6.1998042255595465e-09
0.0,9.38880584389068e-09
0.0,9.763908903615004e-09
0.0,1.989032771820831e-08
0.0,2.3388499026388843e-08
0.0,3.435464557277612e-08
0.0,5.4673859883891396e-08
0.0,5.483440235209969e-08
0.0,6.92407232660841e-08
0.0,7.357334474988875e-08
0.0,8.953408725531631e-08
0.0,9.622197894021411e-08
0.0,9.762173902583271e-08
0.0,1.1779644448761672e-07
0.0,1.3366106998979888e-07
0.0,2.695269388786059e-07
0.0,3.697658026435846e-07
0.0,5.216271535823935e-07
0.0,1.6579258034221667e-06
0.0,1.7676999279903072e-06
0.0,2.377947565523897e-06
0.0,2.718642375443281e-06
0.0,2.8649117006507296e-06
0.0,3.455181832645593e-06
0.0,3.7744208193357665e-06
0.0,3.867716930616716e-06
0.0,4.3996540204371826e-06
0.0,4.4014518906232425e-06
0.0,4.940027743649544e-06
0.0,5.111307761151984e-06
0.0,5.690295030835735e-06
0.0,6.027852923362609e-06
0.0,8.748896858756794e-06
0.0,9.722419031299445e-06
0.0,9.793260551949068e-06
0.0,1.013965078677792e-05
0.0,1.1857122413694299e-05
0.0,1.1927316152626766e-05
0.0,1.5581608813430847e-05
0.0,1.740844499542593e-05
0.0,1.9655274457019978e-05
0.0,2.3033479969680748e-05
0.0,2.4884522545343124e-05
0.0,2.512694632472723e-05
0.0,3.845626833010041e-05
0.0,3.934129848381929e-05
0.0,4.384988918881838e-05
0.0,5.6054609028022284e-05
0.0,6.296807194561271e-05
0.0,6.306702518432683e-05
0.0,6.505119485833433e-05
0.0,6.586646229211901e-05
0.0,6.669840925765946e-05
0.0,7.0859544894053e-05
0.0,7.255570308228876e-05
0.0006176030170769332,0.0001113312460794269
0.003398444078632023,0.00011395904332001106
0.0032518067304480344,0.00011787822360720401
0.006309679498064007,0.00013794541151346262
0.0007356603341740876,0.00021906861729414917
0.003159802878153907,0.0002233243169210697
0.0007749978948501922,0.00023281012874387663
0.000714144079724243,0.00023562858486203542
0.0016991739064519044,0.00024179485792619193
0.00170700174669466,0.0002432503469588232
0.027073013881847803,0.0002476992978451831
0.00605072784246042,0.00028636029406370334
0.0007752311919484191,0.00041978291160982284
0.0018512612945332436,0.0004304418782128394
0.002363869946929764,0.0004536477705060493
,0.00047888282151842265
0.005541853254999283,0.0005072524419789115
0.002633077563569752,0.0005204086211667569
0.16460164908323482,0.0005461043129691978
0.003250169393543959,0.0005639346227154229
0.009440641677359878,0.0005827719842966816
0.009946249267090543,0.0006888647882959953
0.01121089565915027,0.0007577502151456805
0.0032107307169348016,0.0007799239468641028
0.007888530756997978,0.0007895244220598174
0.37674627191645377,0.0008064357224926155
0.0033353655914630104,0.0008178400050335988
0.002318140148395299,0.0008370208966079762
0.01228586218403213,0.0009616326239760831
0.0036674668305976864,0.0009991957928208173
0.00955863706177511,0.001048113350255453
0.016681249693511212,0.0011298581261818263
0.013909941385799903,0.001169911240001209
0.0032097576219240163,0.0012240499500935087
0.04628632317019523,0.0014354319038645258
0.004000238624408209,0.0014639697576118715
,0.001586120068342245
0.020626950476480676,0.0016064702511235929
0.012537652418993482,0.0016709520555242552
0.9556480958160957,0.0017858559694364784
0.016039697171568952,0.0022493848216249557
0.01071634810931845,0.0022685818313957773
0.02314846470434119,0.002417245055068129
0.06225006110678986,0.0026985330116512385
0.013016266734467888,0.0029450779329578403
0.007336992427096369,0.0032146239572166113
0.005523234645235402,0.003534802943811699
0.029777649727745003,0.0036506216745032516
0.9999851783564495,0.0037138194102029898
,0.0038022237759939292
0.9609176650005344,0.0038455983761511714
0.485479446401502,0.003923444089933947
0.02341118813305279,0.004158992211228507
,0.004424365230487393
,0.004519228799407471
0.018523206489926607,0.004729065149708722
0.888781289387081,0.005725593266023066
0.43285238066126036,0.005986842354563593
,0.0060035678944154736
,0.006108772842368548
0.022479220650627386,0.006132179965220752
0.012565353894569645,0.006430361956367481
0.010041704662088242,0.006764979885684919
0.022140815020651815,0.00690676680928437
,0.007004528532188026
,0.007120769475327582
0.052787315138775937,0.007627159863014099
0.03803032927901507,0.008039272603816983
,0.008078352730198413
,0.008133267105248532
0.9987702157198907,0.00854929609343602
0.05013766619150214,0.008860305743581764
,0.008960642415725584
0.999999999999998,0.00918756987940561
,0.009279232182234143
,0.010123364647191102
0.07593232498175086,0.010851811926097632
0.058899017719731585,0.01085203163442583
0.06554298455305745,0.010918907763114327
0.02426691101782356,0.012330970919469109
,0.012723289725341869
0.9999999975662864,0.01284402893060932
0.3320243025548428,0.013237286234493162
0.13133326370525963,0.013238935104581517
,0.013307253777708028
0.9999999999999843,0.013525730453023188
,0.014595365961979634
,0.014664342394135166
0.836375061242481,0.014879117492453076
0.02918010606398328,0.015047182029767625
,0.015304426932721271
0.09255313794991378,0.015358285360069668
,0.015579309631229
,0.015727993113599625
0.7007362361832462,0.01584299508253617
0.023029401780044572,0.01666049176727047
0.09794505526130098,0.016962615609251608
0.04837652729583241,0.01715537605312778
0.0636125299012772,0.017172165812048834
,0.017255618056050803
0.09619917409039531,0.017813901627003137
,0.01796661849591985
0.10909999511763185,0.018454400888321953
0.0512634592665259,0.01854342560701816
0.9999999999999982,0.018626409584911463
0.8660567711862057,0.018779366554244947
0.9999999768186987,0.018830486264650115
,0.01928645841472021
0.20576711648410423,0.01954687852888004
,0.01963184872014523
0.9999999999904111,0.019706200221111025
0.3726134993097939,0.020809942081768895
0.3553874060445489,0.020816302289439648
,0.02086477619909155
,0.021626667376683728
0.9999999999934759,0.021671221569252608
,0.0224267016190266
0.05948612107096244,0.022641864978530712
,0.022784855689590877
0.9999999978874222,0.022817279391928347
,0.022909666380525162
,0.023451928379002673
,0.024681374481938634
,0.025346232182620998
,0.025772480512889828
0.11022373707629537,0.025846316561548566
,0.025977052571278025
,0.026251322505004282
,0.026292920010387633
0.999999999997294,0.026323868329050093
,0.026328933109395103
0.5514494832772003,0.02673884172586749
,0.027914517240703263
0.11548656718532825,0.02792397173534955
,0.02796875456703163
0.05674107879379994,0.027974902712993188
0.3846519443546267,0.027991457743458015
,0.028184814643480882
0.9999999896227574,0.02836840209084457
,0.028418296370631868
,0.02868820731244881
0.13246421105454415,0.028811116306512563
,0.02909129972964486
,0.029636600869392127
0.9999999794965536,0.02979517118482311
,0.03002844450055908
0.766994632711101,0.030486011434971427
0.9733113735902592,0.03053184446149937
0.9999999999999877,0.03308235244800195
,0.033187963755775485
0.9999999999916892,0.033260775937903886
0.21859037844431856,0.033444986177600056
,0.03384488273905051
,0.034084338894888155
0.23150879546272884,0.034525229258499435
,0.034756849946263046
0.5758634792037636,0.034803165190503416
0.8671165153912386,0.034813650374770355
,0.03566856806569907
0.9994828845057355,0.035980093973834615
0.6986627043872039,0.03625622764016978
0.05061479213235038,0.03640849151012948
,0.03685840466350998
0.9999999966187877,0.03723707696763001
,0.038198263419883416
0.5856068973803875,0.0385439062197076
0.9999999649701945,0.03856557837919172
,0.03893414236085191
,0.03919785380275875
,0.03927359324806934
0.5891621736221844,0.03998990592870566
,0.04060802997092905
,0.040665315115989586
0.5916814012562169,0.041041733057964436
,0.0414061016137004
0.44693431046537085,0.04247059047431667
0.6490323133861575,0.04267460767465936
,0.042821362883724734
0.13915324138887505,0.04284637163945215
,0.042954773101736565
,0.043096709205820205
0.5966537852419589,0.043185742190777865
,0.04344601188609831
,0.0437666934028591
,0.044272077264183474
0.988915089208176,0.044427458872196124
0.16964462710969627,0.0444719420312375
,0.045217611499596355
,0.0452969594747773
,0.04576226816578366
0.8773175273648096,0.045852827471842494
,0.045953152190892244
,0.0464507300786976
,0.046606603389573564
,0.04679882048477546
,0.0469693635488837
0.25506613444025616,0.04721703429149127
,0.04756714223797853
,0.04765043153280313
0.9999999999977439,0.04817948433503405
0.9999929120078562,0.048219413442933456
0.7947274292133987,0.04864899560029268
,0.04893579018535077
,0.0489822123721797
,0.04949050024935042
,0.04977380799779074
,0.04984862659930145
,0.05115626203269619
0.9996759337993718,0.0518109023421216
,0.05190842939834994
0.9904504441621536,0.05225510747291773
0.9996774302297657,0.05252408447222223
,0.05266767141252271
,0.05274842452160189
,0.0531206189579575
0.9999999994899015,0.05358708977201776
,0.05369948156522375
,0.054047800197237095
,0.05428883242261673
0.3720832474563639,0.0545319349662009
0.5544175271141658,0.05473509982807301
,0.05514000631020699
,0.05542559889283749
0.3135837200057901,0.055780955743277016
0.9999999999994498,0.056083802184453746
0.4608298204895446,0.056096252377405675
,0.056455595114959456
,0.056986247745225316
,0.05739613146917577
,0.05788563778550204
0.14277260273610853,0.058289405554715956
,0.05859497904050248
,0.059681364248628244
,0.06071452136084632
,0.06124050925122926
,0.06131033388463425
,0.06160348406603622
0.9999999918839159,0.061653222887580905
0.9999146029943315,0.061982374777973304
0.9999999999975417,0.06211647800162878
0.40836923994316904,0.062132392849559626
0.9999999701058412,0.062154725223424356
,0.06233961166018054
,0.06249286705083279
,0.0627389771152338
,0.06300381579479952
,0.06363698577123056
,0.06390545920343094
,0.06488403525648567
0.5785358103352664,0.06750793967974811
,0.06796209146121002
,0.06804957908022158
0.3109442394844001,0.06805741476402294
,0.0681628557402445
,0.06914702018411834
,0.0692154744980229
0.9999773267131027,0.06947788905206409
0.9999999999999957,0.06978298804587102
,0.07017238682914395
,0.07089902468848197
,0.07099522672866354
0.6487984613237463,0.07104896658027515
,0.07152642519571362
,0.07198564334155
0.6067030269218031,0.07251072410996628
,0.07270146809074163
,0.07334189226653431
0.9999999924167481,0.0740281475330381
0.9842165659900453,0.07405434465677563
0.9999997019730608,0.07425318904341227
,0.075187752940019
0.9999999951237669,0.07530269887207064
0.2383830129688449,0.07547639132427808
,0.07557132293499769
0.21069837532470437,0.07565657727128816
0.7569710013755268,0.07610467044175795
,0.07628698300255943
0.5937626569214616,0.07672335753786119
,0.07699973557270634
0.6577100661190862,0.07722736270524488
0.9999852071095142,0.07726414032703466
,0.07750145438693357
0.9999999999995117,0.07751861360185386
0.7046874051720845,0.07778232024145071
,0.07819222376235857
0.999999882303683,0.07826773772973294
,0.07907074255994018
,0.07910310519646535
,0.07960413707650127
,0.08020489889626548
,0.08025731927574298
,0.08035924626981916
0.2036786082958106,0.08105244260709354
0.9999999999995204,0.08118248958824215
0.8066244297847742,0.08169465028718947
0.8126391653175654,0.08182192092881502
0.9999999999999903,0.08217047257291443
,0.08395362617127233
,0.08485366505092118
,0.08498166204275248
,0.08543008369354
,0.0854354999915421
0.985077792051319,0.08544759135465663
,0.08576951341543682
,0.08604049815317916
0.9011988898775285,0.08630676015937766
0.9999975366921354,0.08655062596248708
0.21653849719889862,0.08682797598184488
,0.08718912126221501
0.13840739100286037,0.08750485719614676
,0.08778335589593544
,0.08790492173278708
,0.0882876976885566
0.7183369855848987,0.08946943250747807
0.9999936100158227,0.08959688130484345
0.4412994094215441,0.09008716595765331
,0.09027848967087271
0.9999999989234755,0.09076829470598147
0.9047590420482712,0.09085761727123942
0.9999999807904125,0.09114322320951429
,0.09153465174462305
,0.09277638526506482
0.7164204022973181,0.0935336494191249
,0.09375759540447226
0.9923405451546482,0.09393382793768024
,0.09398283237764171
,0.09479069611338442
0.5209459035431159,0.09489201971122962
,0.09495390146359262
,0.09514758955426827
,0.095248213304721
,0.09553894429058574
,0.09574169234919083
0.4515832322770903,0.09640511247533434
,0.0965936675529625
0.3622525491562107,0.09670979903686394
0.99999999999442,0.09682470188687753
0.7382005635966685,0.09754545619504729
0.9999999436996543,0.0975711892821447
0.5929905068676906,0.09781713006810266
0.9994005006683782,0.09821287737813378
0.9999999999846171,0.09881446825858053
0.9999999999999999,0.0989736496138176
,0.10003847905946561
,0.10032257441143144
,0.10053615389990578
0.9999997370740434,0.10086022065899447
0.9087701473922548,0.10101800677045669
0.9073592315723715,0.10132554783827252
,0.1013343103764256
0.9493079802631349,0.10249407257186238
,0.10353659963784478
,0.10376980732384822
,0.1038168256302957
,0.10442830343973508
0.4650011395295991,0.10507907887940393
0.9999999999701883,0.10535931008679289
,0.10555866907603273
0.9605954014926279,0.10584260352341857
,0.10701762766886047
,0.10738900987080657
0.9927750422575264,0.10747375555006111
,0.10765927502398931
,0.108339430913021
0.9999998974026741,0.10852318292345964
,0.10899278604145302
,0.10943159560478466
0.9999999999936321,0.110735175526392
,0.11076821832656414
,0.11166519087026239
0.999999994552229,0.11201036524077579
,0.11247998584914531
0.9999999999999921,0.1136027021196897
,0.11436786747283578
,0.1144321378958143
0.9463943538903122,0.11477036311266597
0.7374262147698993,0.11485241114277212
,0.11534165434112775
,0.1171647668610345
,0.11720698510369776
,0.11723454240950704
0.9999997544636566,0.11738502956144636
0.9999999968259365,0.11752550588776223
,0.1175307378662267
0.9999999999857808,0.11772288599774416
,0.11773721448682373
0.9835567723453492,0.11784007270296215
0.394797748669312,0.1178765883862386
,0.11796761149427004
0.6197442293705449,0.11903325058054737
,0.1199990242538741
0.9999999999999991,0.12125851344480088
,0.12137282857380471
,0.12247105956356141
,0.12272732491923388
0.9999821738455346,0.12286855489791859
,0.12367717572204606
0.9999999996367014,0.12440002243654347
,0.12440290700631074
0.31456091793572827,0.12440348569578707
0.7985290789517283,0.12477609311173399
0.43390110717479863,0.12517289191392877
,0.12524296310734417
,0.1253988881610556
,0.1257307230697886
,0.12584262439416383
,0.12684202453489524
,0.12705526074068907
0.675369085738762,0.12732577770028408
,0.12752498818670388
,0.12781787445600112
,0.12837583030601796
0.999999983562957,0.12878601801280054
,0.12892936453553827
,0.12947467284726788
,0.12954310625670296
0.5681325667889027,0.1297847755133258
,0.13015018994804084
,0.13018855384095296
,0.13043150996892583
0.9843455601953317,0.13067628972105405
,0.1310824244567047
,0.13133156799681045
,0.13136526427484618
,0.13194740099246294
,0.13203390904735812
,0.13244967589403978
,0.13273941318063776
0.37887839449403743,0.13358864563714223
0.9646309043734695,0.13377299938988185
,0.1341059442716257
,0.13455252624574665
0.6539893390723424,0.1347974216278388
0.5244862617684011,0.13504978275152946
,0.13511065303156622
0.9999999999996179,0.1351624745620814
0.9999999999985115,0.1351990041523321
,0.1355633938659051
,0.13566675211922652
,0.13588268617863986
,0.13600577138709347
,0.13628479535520532
,0.1363432567148799
0.5856028515240428,0.13673278177176929
0.7613346352284007,0.13674022825569898
,0.13688976701254763
,0.13691459428571828
,0.1369543883687896
,0.13702101914369202
,0.13704710889380378
,0.13747797527859595
,0.13763853744922472
,0.13794768399244084
,0.13829761899322812
,0.13839457995985782
,0.1386006050421532
,0.13876417836789545
0.9999999907248681,0.13920426677883757
,0.13929791881596276
,0.13969852657927628
,0.14036399862313287
,0.14067093971845457
0.9655557132673616,0.1411291612758605
,0.14117502076451582
0.9999999999999999,0.14136512498911213
0.9996958590504941,0.14152721932509915
,0.14194807994463898
0.9656939389781549,0.1422622367765749
,0.14290602319660461
,0.14323065623128417
0.9999990057490655,0.14345169921458012
,0.14351599602873744
,0.14484217726713444
0.9999999999999991,0.14511550037858545
,0.1451347388763743
,0.14528371413857177
,0.1453244416484203
,0.14548619721561185
,0.14568254896634258
0.6485917738194238,0.14573535056803233
0.2288024190413048,0.14575736140471007
,0.14598101920538187
,0.14618199280335797
0.2718329278482931,0.14635455622913296
,0.1466308032415512
0.9999999999954163,0.14691215161178506
,0.14735550430061228
,0.14826730494578322
,0.1489215159171774
0.675970742222064,0.14918231297540918
,0.14932646983553555
0.17383947750490883,0.14959484582761517
0.9999999999967677,0.1498052067922827
0.9997053960013285,0.15047730919055247
0.4394663583635433,0.1508418295663425
,0.15164235380223812
,0.15192145258372425
,0.15227538175790478
0.9999999999968106,0.15362564042570004
0.48919117179338695,0.15409760846733123
0.9288168584836604,0.15477722990164056
0.9999999950524222,0.15490503002599054
,0.15532755786022745
,0.1559849668242982
0.9999999891882672,0.15681853403348378
0.9857461804658094,0.15697920818884237
,0.15778371925092327
,0.1581733439736931
,0.15826740226664182
0.6118247170235884,0.15900277596816492
0.42187036212466966,0.159041359157151
0.9999990590167633,0.15917901303729853
0.8542050548525165,0.1593352333758099
0.6776864474039744,0.15945135250955667
0.9999999951306168,0.15953876308896886
0.9999999991783565,0.1601978356570326
,0.1603312647759978
0.8207706922359452,0.16087967240593326
,0.1620832572192269
,0.16217318625236554
,0.16229414069721593
,0.16236154765390742
,0.16242137907608767
0.42616689656392515,0.1625118314480125
0.9999999952015058,0.16385925325252249
,0.16409278374661518
,0.16445800636429286
,0.16451083175915338
0.9999895783754302,0.1646568108498503
,0.16525992316018567
,0.16537687737082296
,0.16581950479440255
,0.16618739070631805
0.9635995145504755,0.1668086817903216
,0.16685562495637007
0.7451841590084571,0.16701817072215985
,0.1673639911199155
0.9999984648034724,0.16764165111206464
,0.16775157088839776
,0.16798466207694907
0.9999999981672764,0.16804427490556606
,0.1680759859707892
0.7925906160656081,0.16824507453319115
0.45092512789045636,0.16867756385951238
,0.16880085561457447
,0.1688062121373476
0.9999984714719931,0.16894721167570703
,0.16937122825202944
0.9999958575162882,0.16999162233029108
0.3580633679869497,0.1708760990006153
0.9103587771648964,0.17101008369166149
,0.17165112474916755
0.9999982285573964,0.17209080216201678
0.9960532480185262,0.17213724014673448
0.9999999996935224,0.17234278347888055
,0.1723884238371357
0.9998075966985216,0.17249697177972223
,0.17262518133328253
,0.17382829332023275
,0.17383862516492177
0.9999899054906846,0.17424884895665638
,0.17451911903830075
,0.1749320675365753
,0.17609612661052454
,0.17618030706450027
,0.17699086773038053
0.9995532037190615,0.17739373484975762
,0.17745547928961203
0.9999999990338359,0.17748841403401228
0.9999999974381866,0.1776215917797488
0.9999954228482548,0.17763440384231155
,0.17775995877267992
,0.17826877073385816
0.9999999918974288,0.17861249782854116
,0.17963824112970106
0.9999442379428709,0.17997251590654517
0.7545357883237421,0.18018548303453097
,0.1802980593117821
0.9999999999984861,0.1806243521336618
0.9999901151000353,0.18068698317257692
,0.18116556851344112
,0.1817642436879423
,0.1820614284049078
,0.18232046736283525
,0.1824794850425664
,0.18318463591930534
0.9999999968027548,0.18346273884300168
0.9999479384844233,0.18353946550893108
0.8327738528905322,0.18400447515232032
0.9999995338987633,0.18410436280499143
,0.18434448734658582
0.9999999999776032,0.18439816271687026
0.802324661981575,0.18475246111786503
,0.1858558065106799
,0.18637199764313772
0.9999999999959868,0.18650810131361906
,0.18723965255253405
,0.1877636714184271
,0.18788390022300616
,0.1880247343206234
0.9999999999996811,0.1882260115166695
,0.18848113552214218
0.999985851688904,0.18936781583678086
,0.18937920031930222
0.9999999958636662,0.18972713634151606
,0.18978272591682555
,0.18982052669159388
,0.19046368693849258
,0.1905349136739286
0.24208932288222643,0.1907843413453778
,0.19083190989107301
,0.19185455745312663
,0.19265579203523686
,0.19265778831304936
0.7641447198056925,0.19316733046364443
,0.19331613997317276
,0.1936165749843809
0.9999999992634881,0.19367044394487198
0.9591367511316403,0.1941119600533322
0.9999999959275266,0.19465893531112677
,0.19574297359672554
0.9999999923457362,0.19647298352223663
,0.1969571482894824
,0.19699559616240825
,0.19706961694188663
0.9999999997169106,0.19709071954284418
,0.19733817142109134
,0.19813872213812445
,0.1983537826963645
,0.1984692118105318
0.6473531574001623,0.19850044967149372
,0.19866280448480134
,0.19876620113639254
,0.19884434658257744
,0.19891981033064343
,0.1996144967710336
0.9999999999999974,0.20048086343670202
0.5414632187185725,0.20096444858944518
0.9999999999999943,0.20161147580277128
0.9999999969820591,0.20176636430503292
,0.20217925300183603
,0.20221826744735427
,0.20259239781896465
0.9387690513482251,0.20260831044658345
0.5277549366012536,0.20378312296736945
,0.20395606767687247
0.999988415543344,0.2039948907069591
0.49096978773083977,0.20399851494422205
,0.20413779504596874
,0.2041640002591567
,0.2041846000879347
0.9999999925351323,0.2045451864503569
,0.2049246610967015
0.49200449512538375,0.20496047450003052
,0.2052045654280168
,0.20535961845013817
,0.2055712533400723
,0.20573604250529975
,0.20588312828302313
0.9999999999999939,0.20591982544992105
,0.2059420602171147
,0.2059509135855342
0.9999999999999939,0.20684212061003082
,0.2069342448653846
,0.20770143274594555
,0.20815176248688094
,0.20816698533939104
,0.20877299770515556
,0.20962372473171698
,0.2107006314297344
0.9999963626144718,0.21099036220790168
,0.21104508007856715
,0.21116786893850814
,0.21140046664046397
0.9999992051073364,0.21173642040049834
,0.21257829011997986
0.9455528030614642,0.21277275297272125
,0.21278082467235693
,0.21313479704128813
0.9988081013779775,0.21316069989873465
,0.21322695055032448
0.9999999999978626,0.21360106733953554
,0.21372563501637365
0.24179923871179126,0.21405517761056814
0.9367106380870622,0.21444704462258868
,0.2147138711653207
0.9998317210739484,0.21502315833104568
,0.2154262288185651
,0.21580261884179652
0.9369702517174794,0.21585109643105505
0.9411540544253709,0.21602286472939458
0.6547974008160473,0.2167163821698196
0.9657113652411564,0.21701625270913294
,0.2170812680860037
0.6552263180885284,0.21722948369101602
0.9463154817713786,0.21756797304797681
,0.21820753180338626
,0.21847492793921597
0.542757397953985,0.2185075379995023
0.5595617221404783,0.2190118867863894
,0.21939976762360835
0.9690893141814547,0.2194743606915217
,0.2196270487942832
,0.21998873974194066
0.5979545798525874,0.2202258039624978
,0.22098022906374581
,0.22119933998683927
,0.22135093401573291
,0.22150587178535508
,0.2216219636494111
,0.2217693749061842
,0.22207723308089033
0.527744581126496,0.22239063689470906
,0.2225779896883895
,0.22317842781811836
,0.22365580585465017
0.9999999999956709,0.2240234356147548
,0.22445220393777143
,0.22455639745675826
0.999999983955229,0.2251304976974876
0.9999999999999993,0.22625688263237886
,0.22647932060985643
,0.22686071219457038
,0.22745619832442032
0.6733411493247802,0.22757906563765462
0.9999999999999999,0.22897791968361791
,0.2292887060821549
,0.23013834631695262
,0.23015921815098683
,0.23068330290111028
,0.23095514611992007
0.6743948936794615,0.2311252159976922
,0.23156682525191552
,0.2316497967070812
,0.23200078378957167
,0.2321508436700126
0.9999876041158755,0.23271290047608562
,0.23339496410008564
,0.23400822555328982
,0.23410407091724972
,0.234697099630491
,0.23473329632153195
,0.23475651282640153
,0.23632040757262152
0.9999999993531928,0.2365356994025134
,0.23658668826426077
,0.23662439352432896
0.9999999999999946,0.23726675499980554
,0.2379419216127594
0.7479508843061208,0.23919956384049645
0.578805936390341,0.23926431055753306
0.7922891514996778,0.2409607688527705
0.9999896441022481,0.24145498106795893
,0.24161449554124215
,0.24183825323664798
,0.24186611297297156
,0.24224150843856962
0.9996344278350973,0.24294080592313216
0.41350009774191465,0.24343384557242342
,0.24375771442987193
,0.2438741415408735
0.9502864919614357,0.24426671512761644
,0.24442849285332402
,0.2445681102418571
,0.24612627362131678
0.9900141592167563,0.24662499984225317
,0.2475272773791014
0.859922918331977,0.24757782383573668
,0.24785144954010085
,0.24815395929032324
,0.24889728109022502
,0.24952544810397292
0.4204880146107493,0.25004915340938383
,0.25013424626500413
0.9755019027538067,0.2501789402777681
0.9653821483213408,0.2504987234151278
,0.2505948895719863
,0.2509598578380874
0.9291397902525075,0.25106552040994345
,0.2518680447132102
0.5491726708876994,0.2518717686244638
,0.25194332791212526
,0.2526652703505875
,0.25309168284099537
,0.2531958657756078
,0.2532699546845516
0.7985785417359892,0.254467968619285
,0.25491680402175343
,0.2552787198991461
0.99894744889261,0.2554058364125442
0.5935020179719013,0.255481776693243
,0.25587846602452613
0.9989500922662874,0.25628328273749235
,0.2569820684339008
,0.25711793392841575
,0.2579084888914187
,0.2579906003185555
0.9999999999989925,0.2580625118521901
0.8939561283441302,0.25858587913537634
,0.25866474246699234
,0.2596112345049987
,0.26005030417464337
,0.2602217106179414
,0.2602426309918243
,0.2603014942962685
0.9999989322588014,0.26035835153407205
,0.2603987287354279
0.9999999986185676,0.2607089607176014
,0.2609855362946675
,0.2614391061188883
0.9455761614054267,0.26157409104072793
,0.2619523056900418
,0.263190402518909
,0.2633212210906962
,0.2634832921733381
0.9999999677601958,0.26378226326504206
0.999999999996746,0.2637998631755727
,0.26386039943530615
,0.2640808073390776
,0.26408106009226173
0.47789526269145177,0.2643245510449641
0.9996562210981653,0.2643258367073773
,0.2646839019836599
,0.26484377498090017
,0.26485147389451924
,0.2649737414093867
0.999999992255957,0.26527297076402834
0.9765690060707904,0.26593492554829357
,0.26635047117713717
,0.26706915313881185
0.9999998492916744,0.2684945297888791
,0.2688769230804532
0.9999999999981832,0.2692585614573837
,0.27041797805813184
,0.27077111390556075
,0.27116340995826316
,0.2712469515166692
,0.27132632337906215
0.9999999980730554,0.2725748674129155
,0.272702202750579
0.4439132961290708,0.27270645213340194
0.9996645544794627,0.27299180192206185
,0.2731644538712025
0.999998889091676,0.2746266096631169
0.9997990397523115,0.2747571067290717
,0.27485792981942203
0.9999999999997533,0.27486598297278364
,0.2750635925863767
0.999996591006998,0.27609561701315033
,0.2761051435820887
,0.2765864107622411
0.5382549135966326,0.276722294264684
,0.2767800044245373
0.9469342844412951,0.2769121261398384
0.9999890831276712,0.27692905847345073
0.9999925830652129,0.27698151704054064
0.9999993426868388,0.2770042723516052
,0.2771198198245368
,0.27715300039104596
0.9999999999999991,0.27724784272483827
,0.27775657960119016
0.3346946803513493,0.27850659207304995
,0.2785585955146793
0.999669826307373,0.27862012601142905
,0.2792670589156754
,0.28040658325899415
,0.2806215688557211
0.9999999999999999,0.280624606064395
0.9999987217941804,0.28090006421130687
,0.2809136645043834
0.7373157117822148,0.28113602685811623
,0.2817375326678181
0.9348924190103662,0.2819638629752246
0.8368059623458443,0.28199977617321204
0.9971619827710795,0.2823844734287203
0.5438631281862505,0.2827358723067931
0.9999999994333476,0.2828041427340009
0.9999999999969931,0.2841677604863253
0.9999613706102214,0.28424611241303954
,0.2842634337801764
0.9480537271881194,0.28472492318505616
0.5459561870021232,0.28499737800325986
,0.28534920280463905
,0.28568210142351436
,0.2860692881284588
0.9999999999999954,0.2864486460321275
,0.28653097299493413
0.9999999865607818,0.2868099623863398
,0.2875431504295498
,0.28836856408734224
,0.288632230098243
0.9999999999969699,0.28912339925323916
,0.28934417281210645
,0.2895575920016452
,0.2902080575011714
,0.29081826653986775
,0.29121099494326463
0.9999910122074486,0.29131933311292735
0.9990496562408864,0.2916209288939302
0.7760459466819345,0.29176035974686065
0.9999999969360406,0.2919305759769424
0.999959983672386,0.2920925376830189
0.8755672277824238,0.2925119694486906
,0.29255535272365363
,0.2931756424578371
0.9723789748857316,0.2933195051229781
,0.2941017438947875
,0.29423643130625754
,0.29483774293242304
,0.29492710749691486
0.4920752825743878,0.2952600708436065
,0.2964581758424343
0.9999999999989262,0.2970377777764861
0.9999999999839282,0.29724526771722826
,0.29749297061543944
,0.2982147200603378
0.9727485979538298,0.29824168889852776
,0.298418922369874
,0.29917297345383975
,0.29922912431806015
,0.2993034457715418
0.5995130523781376,0.30016704173291475
,0.3010793588959527
,0.30141091674229925
0.7761197774686868,0.30239591607215155
,0.3025636084861347
,0.302819515169953
,0.30321149005684545
,0.30328112958709774
0.9907925370944802,0.303294428451946
,0.3033930147614694
,0.303594753113804
0.6200054272404444,0.3042972047260626
,0.30489877691721057
,0.3058852776080312
,0.30627763384036455
,0.3068262718453767
0.9999993973134333,0.3081904230446696
0.999999675826323,0.3082135183165581
0.9999617514833268,0.3084130488967589
0.97596860823935,0.3088593952466977
,0.30935835487396246
,0.3108872540070131
0.9999999969086256,0.31184014355015377
,0.31198026745448426
,0.31216780753931195
,0.3121715619869817
,0.3126961094566483
,0.31318567202179115
,0.3133755847606805
0.9589473657810142,0.31389049314105455
,0.31455312322133167
,0.31458406996777344
0.9590533931810284,0.31485123032935625
,0.3154081395789512
,0.31585533185478754
,0.31594582090292644
,0.316179205888121
,0.3162164884348664
0.909264762374951,0.3173787192288181
,0.3178160813429525
,0.31795783516829956
,0.3179890683539731
,0.3180010614054356
,0.3182225782054239
,0.3182507374945206
,0.31831134092466107
,0.31863665194242596
,0.31882561446018887
,0.3212534708306183
0.9999999988350544,0.32184825031725817
,0.3222965945924696
,0.32303342245462596
0.9562733534907565,0.32313006121301446
,0.3243530334880168
0.999999999999163,0.32461618758169497
0.9999988681676828,0.324863454553737
,0.324867918449554
,0.3252266488006551
,0.32528590468301655
,0.3257777002332274
,0.3260345555368296
0.9999999999925534,0.3261374126249649
0.9538041499932675,0.32830143140253965
,0.32894683038336003
,0.32913366692472446
0.9999999999999993,0.3294532225765482
,0.3307979647742777
,0.3309560843450847
0.9991476178773719,0.33113784701304205
,0.33198164769616323
,0.33218644933665664
,0.33222687467008805
,0.3325970458749786
,0.3329668121367365
,0.33330430879194406
,0.3341211041825821
0.9997172694698864,0.33478867985337935
0.9999644350321234,0.33494713525603625
,0.33514988404573764
0.9999665719583533,0.33670874128153927
,0.33671797516979984
,0.33692408424114606
,0.33693201488645685
,0.33729964129960655
,0.337595116438855
0.9991627038287344,0.33768171202790775
0.9999999999999983,0.3377935278347919
,0.3382069781029574
,0.33834253255993874
,0.3389352884899336
,0.34041972431395395
0.9999997034369499,0.34071196235193124
0.9999999998126662,0.3413868108055452
,0.3414786613786559
0.9997224161632304,0.34152524759801306
0.5358702326052087,0.3419036898047213
,0.3419206859902849
,0.3420583827994482
,0.34242691871293196
0.9999999741005803,0.34281933674146525
0.9999999999969073,0.3434338750161512
0.9153658619673242,0.34404900079848333
,0.3441109301879193
,0.34417007631347385
0.9999999999999983,0.3448360107593489
0.9999999999999993,0.34516781976346755
,0.34549977272544596
,0.34550454615124715
,0.3456561701270705
0.9999052893047491,0.34567217428658736
,0.3457146121030473
,0.3457446382722903
,0.34853365408453474
,0.34858695847760546
,0.34871585979269293
0.9999999999999999,0.3488130147022801
,0.34907017740125246
,0.3491538263501328
0.9997288231484002,0.3501010920740626
,0.35028582924078633
0.9965962013742067,0.3503525769891982
0.976344450923104,0.35053929779726034
,0.35075302128432706
,0.3514518201683259
0.8064400954155405,0.3516313200841098
0.9999999969555194,0.3516348491933523
,0.35218450525567857
,0.3527065434690019
0.999999988788929,0.35279472036726234
0.9999999994187411,0.35341854162241804
,0.35357062435640974
0.9999999999999961,0.35526123164144285
0.9999999999999963,0.35563811332983575
,0.3557456109809989
0.7167683875386618,0.3558955494558108
0.5240525407871859,0.35625535511505757
,0.3565796666682959
,0.356901577491163
,0.3572904304129355
,0.35749976571794084
,0.3591758561726386
,0.35919121740302284
,0.3606527386402113
,0.36065275458502244
,0.36076915641477403
,0.36122637418174164
0.9999999999999963,0.3612701726867148
,0.3613807156782368
0.612216495747325,0.3614275449096904
,0.36161664122119286
,0.3617172243933331
,0.3623457798723396
0.9999999999932644,0.36296726254212064
,0.3629828017039082
0.7619061175559995,0.36380697176509313
,0.363963108266544
,0.3640010849790911
,0.3641984750448011
,0.3645816988711884
,0.36466266135607883
0.9963955754708785,0.36468290138568327
,0.3649597252038608
,0.3654044914401845
,0.3659831276463644
,0.36617233910034874
,0.36655448780188393
,0.36694263641400837
,0.36742861932760373
,0.36774492630961086
,0.3677858638702134
,0.3688961954570751
,0.36894109696251576
0.8495157422157319,0.3690406008090109
0.9939304360875839,0.36932447898793264
0.9999927454994351,0.36954372657541434
0.9593313125175732,0.36974181235801895
,0.37024807558297657
,0.3702846532322076
,0.3705106553018004
0.9999999759948274,0.37074045464615724
,0.3709944735316708
0.9998460371781563,0.37167970368842307
0.9964643650752019,0.3717842333279736
,0.3718420598038905
0.6855067651989333,0.3724517508511086
0.9977850048531299,0.37284642958215763
,0.37293344472626033
,0.37345911495262074
,0.3734903783616468
,0.3737145569574065
,0.3743901863016704
,0.3743917404212799
,0.3749204452607069
,0.3757542757183472
,0.3760270587012422
0.7911504054147678,0.3770130433244504
0.9999974246122867,0.3782144342203141
,0.37943916566955327
,0.379619529388614
,0.3800596916073893
,0.3805482211073121
,0.381142791807071
,0.38153046646393407
,0.3820255799601844
,0.3821669081342409
0.9999999999972193,0.38254303817562607
0.6925965302150449,0.3826115402123472
,0.3841389304680576
0.9999999999986806,0.3856127028086317
,0.3856419701513749
,0.3858454685671029
0.8221215299226738,0.38612060985591046
0.999999184185132,0.3871069149463424
0.9997547869684589,0.38711500123981213
,0.3876339305475135
,0.38814960628078565
,0.3881754088764463
,0.3885908163599623
,0.38875870047501293
0.9510352180884335,0.38904747748953605
,0.38930597299289726
,0.3893757450127071
,0.3895045949698759
,0.39001603675697116
,0.3900505997662256
,0.3907647816587797
,0.3912817031808197
0.9999999999972862,0.3914917127068631
,0.3923053468857942
,0.39247578494344904
0.9999999568379728,0.39287158087292473
0.9999999999999993,0.39323155390801234
,0.39333771897953473
,0.3935431242528308
0.9999999999999967,0.3937392920748113
0.923194254964031,0.393974613203502
0.8210089513132645,0.39428420056955904
,0.3958708331740254
,0.3961900130067597
,0.39648137987580556
,0.3975223246735441
0.8224385302546343,0.39753450410381264
,0.3982485864331149
,0.39859794159721695
,0.3990161967572785
0.9999999999999993,0.39929919912053047
0.9999999999999967,0.4000140403467397
,0.40010246959805384
,0.4002689450744856
,0.40044735493002204
0.8794296111532676,0.40137337753085645
,0.4013988433043193
,0.40183136960998145
,0.4024432711685574
,0.4029015492300758
,0.40296910803973685
,0.40307421943369304
,0.403853613242963
0.999900729158728,0.4038632366073124
,0.4046098912700056
0.7940774187436945,0.4047754207955391
,0.4049705462283222
,0.40520617165759754
0.999999998661447,0.40537779661580553
,0.40544086110176913
,0.40555688110485066
,0.4057207167790736
,0.40580384571916317
,0.4060708693544137
0.9999999782712777,0.4073200503636626
0.697210605822308,0.40752312926425416
0.9627317028755709,0.40884243130675835
,0.408922531049018
,0.40892369046979127
,0.4089840489397508
0.9535865708144536,0.4091493751021994
,0.40957153820454695
,0.41026381553085167
0.9999999999978713,0.41033489809956014
0.9999999999992135,0.4110520563003711
,0.4116881847535764
0.9999999990883277,0.41180711272090587
,0.4118891499060453
,0.41202320693989014
,0.4120816299122806
,0.4121495793392941
0.9999999999984948,0.4130948774164144
,0.4132687900421069
,0.4134590311441463
,0.4135736517341221
,0.41435574902382033
0.9999729569897694,0.41452804590872905
0.9999999974373244,0.414882632574577
,0.4150086798517326
,0.41551271418708957
0.9999999948767795,0.4156550122949907
,0.4164274467811204
,0.41653464734303713
0.9999731112159316,0.4166151287918127
,0.4170750225354535
,0.41718723023537585
,0.4174629913965944
0.9999925910373159,0.41836221796967477
0.9642929575715081,0.4183951044913914
,0.4187790751259831
,0.4194756635680664
0.9662142472551826,0.41962241517568266
,0.4198182250149387
,0.41986168807517144
,0.4201644031039129
,0.42172570411474175
,0.4220103416614236
,0.4224108432212095
0.9999999999942846,0.4231928262338057
,0.4232319152203715
,0.4244098096492114
,0.42454157644317125
,0.42466029539203964
,0.4247623402121907
0.9938867703491221,0.4251441039876608
,0.4262997434105389
,0.4265058285524902
0.5618449818605976,0.42716982098634293
0.7495042646884102,0.4280900852795181
0.8902601064079285,0.42819504557128796
,0.42821223383974394
,0.42856910075318244
,0.4289804938937005
0.9972549915740184,0.42932441930523435
0.8512962960605795,0.4293902580993614
,0.42948746617294065
,0.42952984710012143
0.9999999999988316,0.4300485915241373
,0.4302146725542325
0.9999999996217472,0.4303827351705828
,0.43055088336627667
,0.43078243980145636
,0.43086027842094965
0.9999999611219731,0.4310452185154029
,0.43105400431455754
,0.43134297748375905
,0.4314333916880736
0.7516144607113534,0.4316461750802135
,0.4322434299385046
,0.43228851668644497
,0.43284017004811837
0.7523505655902701,0.43289122678893177
,0.43313799443896295
,0.4335512141878448
,0.43387491884638707
,0.4341480537214719
0.9652037616751621,0.4342940732884172
,0.43435040197740904
,0.43440156766991644
,0.4346229097161758
0.8187014506683915,0.434770104414704
,0.43566118226370876
0.9981362145158935,0.43604530348196247
,0.4360495690702304
,0.43605727802364735
0.9999999616674803,0.43616511932286617
0.9999260712367289,0.43641222355492637
,0.4364546861223111
,0.4368331552554622
,0.4373930652425513
,0.4375499965005847
,0.43770198020341344
,0.4383935094124415
,0.4386257558429518
0.9999999999979894,0.43893941622488164
,0.4392380976981036
,0.4393377624909368
,0.4399338274824195
,0.4401453736978914
0.9854478013440674,0.4409154576559441
,0.44114375239706893
0.9970804202797762,0.4418489197628206
0.9997895908657924,0.44294049813668857
,0.44331039856273535
,0.44355084523331034
,0.44397976349575996
,0.4440345470782542
0.8463006833218101,0.4445126247041251
0.8424654044665483,0.44532973925693464
0.9999999979905307,0.4459730578711981
0.709429768896804,0.44599080966366245
0.9999999978656609,0.44730298317529027
,0.44735428923509857
,0.4484045639329769
,0.448748294710109
0.9835491297708,0.4488032311386282
,0.4498097436476671
0.9997942873653153,0.4510659604977061
,0.4517233633181613
,0.45253726523833426
,0.45280822999969295
,0.45288966997906865
0.9999999915100052,0.4543018388508663
,0.45438021530489914
0.9999997827600712,0.45442472565822034
,0.4551914159171937
0.8378524523833831,0.4552132568469568
,0.4554196114207909
,0.4555508368664045
0.9999999999999969,0.45580314530202237
,0.45591806862268736
,0.4562908763660277
,0.45687821195679545
,0.45710692715262247
,0.45718223879271336
,0.45755526499274124
,0.45770641135281753
,0.4584417485671878
,0.4593555342034734
,0.46092120257929625
0.9999999963584101,0.4610860798532799
0.9999999642432211,0.46117363163245373
,0.46123830789291165
,0.46151047252497535
0.9862709800108426,0.4619690750021773
,0.46331756162046533
0.9999999955142012,0.4636278973635163
0.9982742495961506,0.46371546138767794
,0.464252019794823
,0.4658421097947666
0.7104717667304958,0.4658698678216767
,0.46588007979869384
0.9999999998671754,0.46672349914274036
0.9941112740787781,0.46684645337268815
0.9999935252592024,0.46695214948361874
,0.46707220153366735
,0.4673881626370905
0.9864776662331471,0.46740847604244906
,0.4679145214412078
0.9728984599988242,0.46791497054631825
,0.4680307223632406
0.6431918904117107,0.4680476131583413
,0.46809162393350967
,0.46861421460160513
,0.4690200366876115
,0.4690414233910626
,0.4692423546448665
,0.46931382120103116
,0.4697552352077853
0.7014567365708209,0.4698206376966917
,0.46982244478828095
,0.4703058940412026
,0.47065192433578995
,0.4707665214587813
0.999999998580485,0.47100935470101435
0.9607959294921883,0.47140180783592733
,0.4714051278961148
0.9998830477466355,0.4715203627328225
,0.47192791091007935
0.5442764750206409,0.4726806472483941
,0.4732498600982643
,0.47341043818201234
0.9999999999987277,0.47367029874930977
,0.47396419511001764
,0.47452170835096463
,0.4748035437136061
0.999999995654693,0.4749248425193727
,0.47509041010381037
0.9999999999982225,0.4753159556651646
,0.47592953892852574
0.9999999956734333,0.4764524077028044
0.9999999999993443,0.4765149933782412
,0.47683315969429607
,0.4770994080004938
,0.4771846004329664
0.9999999986135011,0.4793298142808813
,0.4794095119555999
,0.4797202706076533
0.9998103805551286,0.4800560065933942
0.9389885777389432,0.4801069291801513
,0.4814925178625957
0.9999999999951441,0.4816190036360002
,0.4819218500226262
0.7803163224714902,0.4819668176964248
,0.48222788483619317
0.9999994214826881,0.4823346272428023
,0.48250157751959366
,0.4825336698430237
,0.48293997670529587
0.9999999996734992,0.4830034676530073
0.971641441252132,0.48341671780311035
0.9999999989227537,0.4835171674958456
,0.4835291135950942
,0.48411433623156885
0.9999207622983423,0.4849539596788255
0.9999999999999989,0.48495456204044685
,0.4850152725665774
0.9999999999999971,0.4850219885266145
,0.48524183264297427
,0.485576236841175
0.9999999999999973,0.4856335566010117
0.6701567387508109,0.48613733372422574
,0.48625640752956756
,0.4867497634552932
,0.48718279373259854
,0.4878684336473136
0.7836973268821441,0.48813731663456283
,0.4885250680944171
,0.4890818507719844
0.9873017908936349,0.48972950430111806
0.7333524560229767,0.4899380658104123
0.9999999999994693,0.4899818951868997
0.9999999999998639,0.4900566284052198
,0.49028362990541696
,0.4913085568895662
,0.4927261187279024
,0.4940482006311677
,0.49414793329385454
0.7305904312108272,0.49586575831221746
,0.49599969608063776
,0.4961050570899441
,0.49632289830959764
,0.4967285179737304
,0.4971756685232529
,0.49805381004791416
,0.4980632234838227
0.999999999283963,0.49816872409596125
,0.49918393529060845
,0.5007353672926453
0.9999999981670333,0.501115054956454
,0.5011562449564277
0.8308077303379839,0.5019687096515928
0.9999999987018424,0.5023228809806615
0.9999999999908815,0.5024165403197937
0.8679113696709225,0.502443456685813
,0.5025468776353663
0.9712126430622168,0.5026406608976062
0.9999999999990477,0.5026697621028693
0.9999999981756889,0.502752664806682
,0.5027663927805988
,0.5028358743862538
,0.5037917041169395
,0.5038061474702811
,0.5040733867688738
,0.5041363992481203
0.9999993117798558,0.5047608610298437
,0.5051333076669684
,0.5056442283298883
0.7483226185612705,0.5056453676190366
0.9495195834642901,0.5058215020625415
0.9433761499150902,0.5069157872940633
0.971636880246471,0.5078367392236653
0.8715551722476603,0.5080679002692321
0.9999999999999996,0.5085298447443614
,0.5086070208882284
,0.5088378856862743
,0.5090688595092407
0.9999984239961304,0.5095857549627596
,0.509591171467022
0.98299686718547,0.509752584393709
,0.5105401453916584
,0.5112994256126473
0.6576094904512026,0.5113972583959457
,0.5114465887200528
,0.5114528126301656
0.9999994694914863,0.5124200011915819
0.9761072841495865,0.5125019054390315
,0.5125854277752041
0.9999999999990765,0.5132847377642665
,0.5138215815414531
0.8968291866156004,0.5139814490680681
,0.5139840906359862
,0.5143876153942664
0.9959463891482216,0.5144960535839025
,0.5147748638581263
0.9999999993185971,0.5152454021086639
,0.515534803857541
,0.515612832544464
0.881488826882313,0.5156227488301566
,0.5158655469029838
0.7547284424010974,0.5158852309509722
,0.5163203494799012
,0.5167264847516472
0.9998973942826118,0.5170758035842937
,0.5176372537083286
,0.5182398372223493
,0.5185767164427628
,0.5192767131216314
,0.5194088445559031
,0.5194559373325959
,0.5198083649419776
,0.520221211002114
,0.5206768978154788
,0.5209239517283264
0.9999999983785504,0.5212253872824009
0.9999999987720751,0.5213871187636783
,0.5213941508752746
,0.5217569059492693
,0.522190382988825
0.9999999999991018,0.5227355016542597
0.9999999999999976,0.5230350396456913
,0.5231370603603795
,0.5236778168864227
0.999999444260157,0.5238742508679657
,0.5240288172029524
,0.5242921646258395
,0.5245784266365574
,0.5247802234588818
0.9867495408644689,0.5250491631835921
0.9885429198797084,0.5253338661343949
,0.5255180600160926
0.9999994470002961,0.5255468487540292
,0.5258026073566132
0.9995050925618543,0.5264520982727673
,0.5279844161676082
,0.5280356620269766
,0.5286968504410661
,0.5287570040044582
,0.5296054992932304
,0.5296148414099029
0.9869487306730828,0.5301928461310562
,0.5308207708915708
,0.5310605278285787
,0.5310929895951533
,0.5311956829928404
,0.5321670104458306
,0.5329117057565842
0.9841423727394997,0.5336212964289279
,0.5337277405102347
,0.5338374387710666
,0.5339044554976508
0.7061769399647128,0.5342354818305628
,0.5344538785872086
0.99999992831679,0.5350294892025431
,0.5353245486489673
,0.5361225677505823
0.9977720985724028,0.5362976105500077
,0.537566545503606
0.8464306619193517,0.5379737724482662
,0.5380025122669982
0.9999999996541373,0.5385444441647282
0.7694927407595408,0.5399370272449497
0.8112281358028822,0.5403339509052622
,0.540475656877022
0.8551141387332806,0.541210134857754
0.9986211811850499,0.5412427651220044
,0.5413210517854292
,0.5419653775528392
0.8208811614098054,0.5420762056610189
0.9999947937605297,0.5420847331548776
0.9999993840062987,0.5423078179333043
0.7445292513727092,0.5423390668029848
0.9998420211301391,0.542596358991406
0.7507295620958074,0.5429247269525632
,0.5432921779609202
0.9046344521121159,0.5434410744319202
0.9999802121029913,0.54413279994541
0.9999999984881087,0.5446852949162376
,0.5451480307483046
0.9999999999994635,0.5453478975446373
,0.5455123573273317
,0.5458425473881081
0.9999999307119256,0.5463278962355869
,0.546782580781191
,0.5472174798436668
0.999999999998977,0.5483621542922595
0.9555151144949331,0.5494983322380589
,0.549556338704167
,0.5499335071739906
,0.5499369847302854
0.9999999999921036,0.5509752756207926
,0.5511074884738678
0.9999999999999991,0.5511446812793384
0.999999999999557,0.5513807608736021
0.9999965697998088,0.5522604444456256
,0.5523031196488926
,0.552461183805288
,0.5525031145036772
0.9999999993905102,0.5525953689537926
0.9999999999999996,0.55414406000147
,0.5543064626825801
,0.5548264300943431
0.868232441113145,0.5552438562049808
,0.5554723707724207
,0.5558394972090943
,0.555874926861788
,0.5563578442306756
0.9895623040970697,0.5564682676847217
0.8196237162644725,0.5569538855988958
0.9867451652074573,0.5575035515443925
0.9999999937147975,0.557608946012194
,0.5576218194485737
,0.5582228629204129
,0.5599504458148475
0.9964630811672778,0.5600617154719276
0.9999995400500094,0.5600751473512813
,0.5605554876727277
0.9868688320666644,0.5605712882852203
,0.5607854063346671
,0.5609842190155275
,0.5614215873636599
0.9999999338572984,0.5615285406854797
,0.5622005010066327
,0.5625656951960748
0.9999958084233954,0.5626030741531172
,0.5627652206307372
,0.5630901978329071
0.9999995451392665,0.5636790684731068
0.999999999999025,0.5640168754515273
0.7169564287725653,0.5641642143499729
,0.5645878085577752
0.9999998425669265,0.5646297969530092
0.999981470936084,0.5656119043987797
,0.5659729163832874
,0.5663455356580545
0.9999995117192089,0.5666422768095549
0.9251673811541921,0.5669187379811165
,0.5674971093500183
,0.5677819167947691
,0.5682225441203113
,0.5686454321716847
0.8339062219035756,0.5692085909920906
0.8662745042637326,0.569449408458264
,0.5700146683294661
0.9239542676130152,0.570094094355904
,0.5702424871789755
0.9410982774889799,0.570305975083111
0.9999986878419767,0.5704707403024416
0.9799405296087966,0.5711446381489653
,0.5717520538241865
,0.5719510345343097
0.999999999999998,0.5723619099860316
,0.572940250272115
,0.573517034801927
,0.5735701540050568
,0.5736774784440061
,0.5738094071273001
,0.5739712725674676
,0.5739758993873926
,0.5744573073616283
0.9999829858737991,0.5746256712500277
,0.5749262872220772
0.9999998475819875,0.5750047156259722
0.9982043381922936,0.5753060767895327
,0.5756391309821708
0.9132555663536945,0.5757269267397038
,0.5759277275333927
,0.5761134512552046
0.9860696467475817,0.5762591881609325
,0.576373745979341
0.9999999999999998,0.5764810352981263
,0.5765080476686886
,0.5765407222539266
0.7057515640504042,0.576777635256274
,0.5773541847689754
,0.5779018606940348
,0.5782035146065561
0.8302252832192861,0.5784183608026812
,0.5786617527101756
,0.5789168855856327
,0.5793396111304657
,0.5795713584557678
0.6060315173713192,0.5805275685915858
,0.5806768116727603
,0.5808905667654907
0.999999999999998,0.5815206907439401
,0.5815758159538369
0.9999999378966044,0.5816712359178685
,0.5817618549260783
,0.5823126488620345
,0.5826884497170767
,0.5829860003555594
0.9999999999964158,0.5831609374303097
,0.5833774070831559
0.8333175226697027,0.5847803234726516
,0.5852047014946016
,0.5854542078536453
,0.585948164588656
,0.5863371787162382
,0.5866343621695667
,0.588164793530147
,0.5885775683166775
,0.5886205647654082
0.8352731390355641,0.58882754758336
0.9999420913236235,0.589257861405929
,0.5894902618615601
,0.589801786022119
,0.5900791046719798
,0.5900868037323959
,0.5903230591671422
,0.5918835244961413
,0.5922017018282053
0.934078356625355,0.5928018359209398
,0.5932219437557906
,0.5937988397340639
,0.5940171698735315
,0.5941803649476076
0.8456749583044627,0.5945024502021535
0.9998657027814171,0.5946788658162948
1.0,0.5952040884267467
0.783956630193538,0.5953986581917028
0.9999999990225423,0.5954603180734088
,0.5967577505595184
0.9067015512343213,0.5979216149826626
,0.5984398755548674
0.9999999999999991,0.5984461397580065
,0.5987049548301484
,0.5990110353321151
,0.599674648485162
,0.6001440646682557
,0.6005415298119032
0.8685767372923078,0.6011916595272346
,0.6012487158025375
,0.6013094384340733
,0.6015641928522946
,0.6016858877939029
0.9999999985202697,0.6017053187066271
,0.6019780686166036
0.9360562345029444,0.6024947708551764
,0.6025128619460822
0.9999835390456293,0.6027555980435018
0.9999999999999991,0.6039643497687162
,0.6039845824874619
,0.604618989338185
,0.6047663163368693
,0.6047948609773915
0.9032279958634328,0.6057306223262082
,0.6063458775914459
,0.606385232842956
0.9999988312883702,0.606571770708039
,0.6066243284390895
,0.6068920410758626
,0.6074070225589301
,0.6074763596948096
,0.6075456462852848
0.9874156413874003,0.6079877571460233
,0.6079907474953996
,0.6081228221767159
,0.6082357193509229
,0.6085135090559621
,0.609019167673737
,0.6092177465575482
,0.6105057635761364
0.9999999999996332,0.6106936133112759
,0.6107090818560701
,0.610881202539011
,0.6112777277090231
,0.6113972601502848
0.9999964149808112,0.6114347025363338
,0.6123659097314369
,0.6127436071991024
,0.612840419745107
0.9351977332655659,0.6133269985589852
0.9999999977006975,0.6133547328432445
,0.614595469670528
,0.6154405066513794
0.9339975960600752,0.6156112357032335
,0.6157424615690259
,0.6168260876522675
,0.6178447320401892
,0.6180513568988917
,0.6180543459209107
,0.6181079238332303
0.9965611363550024,0.6184740554139188
0.9999999999995752,0.618613708249546
,0.6191888783209509
0.9061051889791745,0.6193776006999557
,0.6194393317081033
,0.6203158218256569
,0.6203586164199073
,0.6210176558832367
0.9999999780090341,0.6212573039094298
,0.6217214938087001
,0.6222632678023166
0.9999999999999982,0.6227132645043908
,0.6227344422555022
0.9999999977730454,0.6228613823136815
,0.6233006114022981
,0.6236828301659061
0.9971197092157518,0.623797039550704
0.9141472716756887,0.6241585043324418
0.9999999999988765,0.6249045253817398
,0.6251232718303782
,0.6251475575960375
,0.6254749658357984
,0.6257871021870743
0.99999999863598,0.6260879550421878
,0.6261436824258355
0.7621547114623423,0.6267291582166259
,0.6269732689033289
,0.6272964974229724
,0.627680407952043
,0.6277853967467928
,0.6279900966283858
0.9007743044948066,0.6282198213579132
,0.6284312842277577
,0.6285120613212736
,0.6288529732222569
0.9999999999191476,0.6288566422966555
,0.6290917187152093
,0.6298493818183655
,0.6299281364295342
0.9999999999986642,0.6302868560982298
,0.6304336741865819
,0.630528848194327
,0.6307767402353952
,0.6313417188342278
0.9999999986615113,0.6315996461309537
,0.6316580152693697
0.9758766740230005,0.6317996173374325
0.9073578303988488,0.6320595494304988
0.8317566634062075,0.6322380400344811
,0.6330364599163488
,0.6341449159698411
,0.6343652277523302
,0.6345005385860405
,0.6350383204446258
,0.635656540131174
0.9661613399491998,0.6357462153419553
,0.6361146300601528
,0.6361769848696894
0.998382323002259,0.6361827689323286
0.9999989430148263,0.6362652821888896
,0.6369918823428609
,0.6377063032684894
,0.6378081111482992
,0.6379530963832512
0.8977345084296489,0.6381320365854204
,0.6387309023315537
,0.6390638984111232
,0.639379862646456
0.9999998770489924,0.6399325257628938
,0.6400461199320673
,0.6403949240013509
,0.6404037869823461
0.9998849860855824,0.6407585576567263
,0.6409155231945743
0.8070616042152111,0.6410853120953026
0.9999999988947168,0.6413670516626233
0.9999999999999998,0.6413821770607883
0.9999998783499998,0.6429624020805981
,0.6435127179871805
,0.6437791139599053
,0.6442138576910952
,0.6444708247015367
,0.6448922647772217
0.9199276456142281,0.6451632055515462
,0.6452363371798605
,0.6462270466708172
,0.6467434127419395
,0.6474075924528955
,0.6474647211216591
,0.6478693874794892
,0.6480444370176568
,0.6484357796301512
,0.6495336651386351
0.9999968566053992,0.6496341225383866
0.9902005874313615,0.649719189297
,0.6497851496833745
0.9999859825368015,0.6497969608499214
,0.6500070690026742
,0.6502349852735037
,0.6512295433187958
0.9999995690758301,0.6517622766602429
0.9025538517218631,0.6525181103583189
,0.6525408227738423
,0.6532364823400827
,0.6532985877945366
0.892585401852098,0.6535757822140627
,0.6540549828646726
,0.6543179462490444
,0.6546697291572185
,0.6546857724806346
0.9998909371382857,0.6556876183739293
0.999999999999418,0.6568403452319316
,0.6570446311955651
,0.6570995211915118
0.9686278879841157,0.6574364505547865
,0.6578313571337565
0.9185853830402742,0.6581802052301453
0.8907697931509057,0.6585426543151891
0.910546005069667,0.6591080738204718
0.81830628509786,0.6597501026739083
,0.6598229537589042
,0.6599066628677069
0.9999999999275884,0.6600586344744062
,0.6602444309637109
,0.6606870942987745
0.9999999899828259,0.6609615757069891
0.8916996712373861,0.6610287044234221
,0.6613551650038599
,0.6614547233428754
0.999987341579323,0.6621922741510482
,0.6622245758814767
0.9999990371580887,0.6624112978577715
,0.6626354414085305
,0.663750101447528
,0.6638135318160321
0.9999999993927229,0.6638854909675092
,0.6639370334783831
,0.6639923413171271
0.9999999810923833,0.6641357704940679
,0.6647178572349914
0.9999553554012581,0.6651483058637796
,0.6653366531609415
0.9999999999946028,0.6653656799629003
,0.6653798419032445
,0.6654696336443173
0.9975239488911681,0.6665673216584176
0.9999999998180393,0.666597670675179
,0.6667753649682968
0.9927757718155336,0.6669556742637535
,0.667411781550574
,0.6676232940227435
,0.6682524487984415
,0.6684545223431774
,0.6687571094468323
,0.6688879776710062
,0.6689319306920767
,0.6693178947796038
,0.6705902627671605
,0.6711478931097055
0.9999644479605114,0.6711679660643466
0.9918070920096688,0.6721053698643855
,0.672151719547836
,0.672288736678047
0.9999999981355421,0.67275932352871
0.9899737622704923,0.6730485536386546
,0.6735476501685627
,0.6736474265483485
,0.6737622925252327
,0.6738101714249841
0.9999999999973768,0.6738929484312655
,0.674127446095306
,0.6744467481524192
,0.6745400378324167
0.992983225287631,0.6747860436376312
,0.6751704200897103
0.904758982358429,0.6753069720866289
0.9999996885974265,0.6753886627032375
0.9999999999996532,0.6756347875800497
,0.675644301803823
0.9999999997809872,0.6757714071125794
,0.6759280308467026
0.6974840407736881,0.6762417775055256
,0.6763170791034147
,0.6764000697711643
,0.6765491285610585
,0.6767772655470514
0.970810553209348,0.677198456058469
,0.677999822853068
0.9999971696424557,0.6781477966973056
,0.6781744972255068
0.928916777233625,0.6789618750977483
,0.679076247025842
0.7308207289228766,0.6795706707983457
,0.6796112895171436
0.9796937228100158,0.6799232964333076
,0.6805803203211942
,0.6806092705206239
,0.6808178842331551
,0.6809126824851292
,0.6809931945850575
,0.6823425720848714
,0.682728020940168
0.9999999999993505,0.6828714447265598
0.9689042924815462,0.6830802199648114
,0.6832535408249951
,0.6835293174402117
0.9999978024730779,0.6836076802743006
0.9479186178171606,0.6838459410658153
,0.6844209592153587
,0.6844659488038527
,0.6860326877188945
0.9999996763006637,0.6862137851718909
0.9682373918326941,0.6864505737296664
,0.6868804499002077
0.991508140937,0.6883683994000288
,0.6887465382377227
,0.6887567079555654
0.990559520096682,0.6888745720903866
,0.6890330063079413
,0.6890580703230444
,0.6890994056310484
0.9845827795976848,0.6891242482065404
,0.6891255675259189
,0.6892625862495174
,0.6892707406897902
0.9923330034774192,0.6895362214351329
,0.6895684131780322
,0.6899622162396741
0.9999999997926821,0.6900621701654551
0.9987960552791955,0.6903449533244246
0.9971313996073434,0.6903787285300045
,0.6908071647230709
0.999999682410783,0.6911087880398599
0.9844473012225622,0.6913301988153501
,0.6914991349114292
0.9999999970425231,0.6915775064257768
,0.6916575056237051
,0.6922766602857202
0.868838657618137,0.6922904607010314
0.9999999999951328,0.6925267162078259
,0.6925689135678215
,0.6926634278688961
0.9272451020977153,0.6928147884647664
,0.693242943323298
0.9868627758488927,0.6938216085060198
,0.693848880253563
,0.6964017163710177
,0.6971961333097789
,0.6976366380774894
0.9999999999952336,0.6978201000473269
0.9999999961309345,0.6979829732432185
,0.698763153839642
0.9999997161278114,0.6992339837762622
0.8200132401650287,0.6993584150181295
,0.699803728150811
0.99872391877499,0.6999788256311679
0.9918996028990577,0.7003701454944862
,0.7004593409442148
0.9999979460233401,0.7008062109603667
,0.7013231811803073
,0.7021176405028023
0.9988529482721953,0.7025472325033004
,0.7027037557471346
,0.7030816259209457
,0.7041880261162682
,0.7057964353405095
,0.7059846293842014
,0.706349957092011
0.9999999999991511,0.7063660617451991
0.9937977376052917,0.7064126069816636
,0.7064752198129529
,0.7065702907084553
0.8600363715110524,0.7068881308360362
,0.7078654360325616
0.9999999983755123,0.7079710810977147
,0.7082751049343416
,0.7083524857725856
,0.7084595815267807
,0.7087600547271893
,0.7092370659605096
,0.709351236181893
0.9999999055574442,0.7097175433734431
,0.7098882298657707
,0.7101426259587976
,0.7108502075046517
,0.7113439718528153
0.9999999999994214,0.7118413969586369
,0.7120815882413439
0.9999999999999987,0.7121527119441604
,0.7130188531206578
0.917457452530986,0.7132538312530443
,0.7132851228704129
,0.7136923476729893
,0.714120256575654
,0.7141751077152725
,0.7142976203805729
,0.7149058733455033
,0.7149620837682543
,0.7151547465288428
,0.7155311809740242
0.9465364496655592,0.7158188544437971
,0.7160350046544679
,0.71614004602138
0.9999999991157134,0.7165383107431353
,0.717017405894347
,0.7170985143271036
,0.7171188702811939
,0.7176877889234464
,0.718684050473051
,0.7189010076689757
,0.7196766735985047
0.9999976057146618,0.7199663261697361
0.9999999999992149,0.7199816875334771
,0.7202691612752175
,0.7203332232948831
0.9999999999992013,0.721000813451749
,0.7210773876024601
,0.721523177609471
0.9551512460672279,0.7217928080631058
0.9999999995194615,0.7231398765972581
0.9483727360208394,0.723250901573671
,0.7234880416660769
,0.72378477827052
0.9253263731746275,0.7238590530445119
,0.7246531501314951
,0.7249776894596056
0.9557482264146363,0.7250042001709833
,0.7261608313792007
,0.7263239385751382
,0.7264436183102838
,0.7269792803857356
0.8732510553487318,0.7270329072086249
,0.7276710628857859
0.9999999995338702,0.730202729473008
,0.7302526912769916
,0.7317584628564746
,0.7317813500711812
,0.7319569100585037
,0.7320451299221385
,0.7329096083542073
,0.7330073838680238
,0.7330338805374843
0.9389817152102483,0.7333687515435222
,0.7334961691969337
0.999999179414183,0.7335951363154778
,0.7337139892246162
0.9999999999992604,0.7338143576281182
,0.7340337154732234
,0.7342411516580016
,0.7343083010602136
,0.7344983800153139
0.9505599618666156,0.7345344962625686
,0.7346322015544992
,0.7350714516691219
,0.7352604239652276
,0.7352607835088454
,0.7358773272776159
0.9433187996413862,0.7360902706734536
0.9012111197920875,0.7363453628522418
0.9930551202770121,0.7370019464394557
0.9999999999997737,0.7377000971951033
,0.7378709712752367
0.9019049680041475,0.7380147078120424
,0.7380770384865192
,0.7390558617060701
,0.7405400970129954
,0.7409620509971054
,0.7410639035414429
,0.7411892775524487
0.9946596432382862,0.7414647400231221
0.9520743912318292,0.7416840590260556
,0.7419627901069448
,0.7425803802654185
,0.7432674175306346
,0.7439167138560883
0.9528291209945605,0.7442749508647987
,0.7443109627094247
,0.7445278979287802
0.9999999999999998,0.7445522466642506
,0.7446209913026973
,0.7456342042496293
,0.7461339088269487
,0.7461437124796698
,0.7462078684705927
0.9999999998692832,0.7472527077373541
,0.7475645049946813
0.9999997697311791,0.7481046254122974
,0.7481643212867467
,0.7487077329573273
0.9999999999980775,0.7488185732913926
,0.7491108329438334
,0.7491836042598659
0.9755442492181423,0.7493184378485473
1.0,0.7497028832820696
,0.7498372718867421
0.9116599400709792,0.750557859896062
0.9881007165139538,0.7506146461099512
,0.7510937587170677
,0.7513820663833094
,0.751449537357761
,0.7518101318651969
,0.7518255020260977
,0.7518978315563146
,0.7520120186459026
0.9340456556396277,0.7526870430800574
0.9999999994643327,0.7526873517790673
,0.7530191243351994
0.9999999999991791,0.7530352619914522
,0.7543506083196798
0.9999993412970953,0.7544479319525796
,0.7545988480020505
,0.7551697562980979
0.9640535614153517,0.7552543982577757
0.9999999999997524,0.7559027767276032
,0.7563958203555887
0.928108386422937,0.757742002785158
,0.7579064102821987
,0.7579734061228833
,0.7580324834857952
0.9999999993143724,0.7591798685746945
,0.7595417629668144
,0.7598376813272008
0.9999999999999998,0.7601896051832291
0.9999999999993454,0.7603791289718397
0.9999999999993312,0.760404138493818
0.9999999999999989,0.7604136627051886
,0.7605480912121246
0.9999999873763411,0.7609040706053567
0.945563129610723,0.7618934565775362
,0.7619433906844129
,0.7622120639475717
,0.7628024897851475
,0.7628325563592049
0.9796378853286656,0.762853330134543
,0.763471613034117
0.9951837596392393,0.7636089075109168
,0.7636911611816409
,0.7638571760503439
0.9931799162407039,0.7642259436727652
,0.7646830718722404
,0.7647808125900972
0.9309158996601767,0.7649631533620652
0.9999999999999998,0.7656260207505187
0.9781714886984555,0.7662174003089399
,0.7664577846425686
,0.766788261228648
0.9999999999999996,0.7670768332449523
0.9999999978737284,0.7671034515322557
,0.7674556678585113
0.998388152109827,0.7680269282343414
,0.7681058215871011
0.9999999999999991,0.76914012705171
,0.7692598422143682
,0.7693956581234609
,0.7696604288774636
0.9581027556395467,0.7698125924232089
0.9999999998831672,0.7707383714301945
0.999999392056396,0.7710083818547362
,0.7712440732350262
,0.7715962289285341
,0.7722551875786934
,0.7722686200316022
0.9941346351748508,0.7729120653943702
,0.773073259104871
1.0,0.7735682106067456
,0.7748687164401535
,0.7749247706305489
,0.7750041320169523
0.9658089867700607,0.7758118343659013
0.9999917510214801,0.7759325448613934
,0.7761311622927369
,0.7763382225933637
0.9999999999559588,0.7767281372590817
,0.7770231524773832
,0.7782126306437532
,0.7782404319265241
0.9999998718310847,0.7785579708035223
0.9089417184588933,0.7790158192703928
,0.7816819868631619
,0.7823306614464359
0.9999781201307195,0.7823968409271768
0.999999994072938,0.7827085170061043
0.9011484567091913,0.7828472893597483
0.9606301087109249,0.78317687464276
,0.7834473497734041
0.9985097077271492,0.7834785256673878
,0.7837506877175188
,0.7849193428128967
,0.7857102674213576
0.9611550472786385,0.7857845526475958
0.8748125468077218,0.785827459831528
,0.7859788483948351
,0.7868305467732795
0.9982830795945445,0.7868700186763172
0.8754867714328382,0.7869192039986275
0.999973779559265,0.7870427771601264
,0.787507544826429
0.999999368015525,0.7877340157358753
,0.7878690971248767
,0.7880670653882461
0.998546908965005,0.7882688361615744
0.9999999993109148,0.7893376504274904
,0.7895321878907152
,0.7898745398064768
0.9999999981154981,0.7905816385006311
,0.7907852567727448
0.9900926396780261,0.7909838548427122
,0.7917259286258169
0.9999999989036437,0.7920934745749888
,0.7920998896539628
0.9999792394939063,0.7922812202242093
,0.7935905530288384
,0.7937661456501928
,0.7939128922564022
0.9753686772893052,0.7939716989169251
,0.7942055350844568
,0.7943236361461032
,0.7946153270516001
,0.7947893292878561
0.9999407491830012,0.7950950567203305
,0.7952452212575952
0.9947872777758754,0.7954456417905941
0.99948715395306,0.7959379995676044
,0.7969056286914666
,0.7986357474027969
,0.799023541264771
0.9999999982078089,0.7997343103843583
,0.8007731628754462
0.9999999976108851,0.8008948703652181
,0.8009199559391175
,0.800995731226237
,0.8012833882518802
0.9999999999999991,0.801711461944813
,0.802572372031109
0.999999999997091,0.8028461179871924
,0.8046265936952928
,0.8054641936538494
0.999999889745962,0.8062798749860993
,0.8065084720556758
,0.8066617053903866
,0.8069291831108558
0.901751565694109,0.8069489715124413
1.0,0.8094351651868197
0.9999999999999993,0.8094594526955647
,0.8095497337335623
,0.8095822772471518
,0.8105133461085227
,0.8107197621658953
0.9992513404950939,0.8112176730824169
,0.8115043194937738
,0.8116520992245984
,0.8117135380387795
,0.8122631407652281
,0.8128765519358887
,0.8129303437621336
,0.8132192305322954
0.9158975247271561,0.8133182971236976
,0.8137296433902808
,0.8138277719560945
0.9998415653199515,0.8143547677816261
,0.815894388857614
,0.8161213907992504
,0.816342654014115
0.9999934057151124,0.8164407358149085
,0.8168721956895729
,0.8175779721876821
0.9341067132138722,0.8182661814282586
,0.8187624024071052
,0.818972998270147
,0.8197967768001243
,0.819850880910809
,0.8201122253274473
,0.8201694037870295
,0.8206412801211355
,0.8206976786983835
,0.8210317461463237
,0.8213156569823299
,0.8217072207837979
,0.8224417795204622
,0.8224577370428332
0.9999999999999993,0.822817274939256
0.9999697106180977,0.8230832730961921
0.991930333028699,0.823522146458607
,0.8237154627584957
0.9999999999999636,0.82634207261326
,0.8268217920536685
,0.8270559254509617
0.9999999999997375,0.8272940597920522
,0.8273243289267468
,0.8282055378950054
0.9999995007348359,0.8282096960248541
,0.8284918153734422
,0.8295916231413825
,0.8296175315283876
0.9901227857766728,0.8297280161622882
0.9999999985040704,0.8298306313381185
0.8979068262885438,0.830891260887557
,0.8309247927231733
0.9999999999999998,0.8310758345052114
,0.8319481533053138
,0.8319813424057623
,0.8320163235431632
0.999998659874419,0.8320224502227482
0.9999999999987794,0.8322186001030332
0.970313544501832,0.832461487445964
,0.8326096156209081
,0.8326329008649336
0.8733670046941983,0.833813866879149
,0.8347571620656359
,0.8353584676789371
,0.8356436697722559
0.9999999995536175,0.8357907966934831
,0.836558564655994
,0.8365828720818067
,0.8367552206110465
,0.8369025939885212
0.9532479438307006,0.8369136524203497
,0.837436119020989
,0.8380842227232846
0.9632689006557862,0.8381175885509657
0.9999999985859465,0.8383461553602207
0.9542285677396674,0.8391598321860299
0.9999999999997573,0.839241266776671
,0.8401647841366915
0.9999999999029086,0.8405195566205093
0.975890866307297,0.8408061460666855
0.9043105030225017,0.8411114159373138
,0.8414313083904562
0.9999947050847017,0.8416264431827808
,0.8417056927715203
,0.8418095318530892
,0.8422404594648895
,0.842600035428347
0.9999999986270462,0.8426536224641232
,0.8428489976544555
0.9999999999999674,0.8433253033897645
0.992827940222571,0.8440802960306195
0.9996192327110778,0.8441346673575842
,0.8442615367157171
0.9664864364917685,0.845437603989166
,0.8457761357378462
1.0,0.8471456431510325
0.9994078425780539,0.8474951598711079
0.9999999999999993,0.8478193247808551
,0.8479607613262952
,0.8480442874472889
,0.8484691151353967
,0.8487872513165461
0.9935950163488879,0.8501421452164729
0.9790624340053513,0.850231622096659
,0.8513141902307011
0.9966822723821144,0.8517095361769653
,0.8534058138741376
0.999999863865601,0.8535356945682164
,0.8549894576234999
0.9933944828873241,0.8554965167477229
,0.8558099800969328
0.9999999999995508,0.8562363758436535
,0.8562620437325728
,0.857589771350432
,0.8587443081908209
,0.8587515296946401
,0.8592395318179914
0.9665691520691868,0.8596258665552294
0.9875477069319059,0.8596872294892847
,0.8599262746911606
0.9936219841614318,0.8601223018879773
0.9965763401699292,0.8605589560597476
,0.8609590634805466
,0.8613910219203075
,0.8618148178852957
,0.8620871880010775
,0.8625507750481685
0.9999999991423165,0.8633198104682454
,0.8638191142342935
0.9516136472041654,0.8642166361790187
,0.8645504835937574
0.9999999999188842,0.8648941285771308
0.9989603872063731,0.8649471498676624
,0.8650246697363916
,0.8650818870069171
,0.8658254929457085
,0.866145325822754
0.9805667221435307,0.8665858432654412
0.9999998870489234,0.8673137300763031
,0.8687017758265676
,0.8689948308601907
,0.8692708438347218
,0.869551036388128
,0.8697042863741742
,0.8697214960194255
,0.8697268683115267
1.0,0.8698948290868269
,0.869923495045274
,0.8700068804565195
0.9999875984687427,0.8701510646673027
,0.8707939386282281
,0.8709223568242324
,0.8731510509281319
0.9824794135161888,0.8732507365096674
,0.8734140537413811
,0.8739935820759455
,0.8740098897833825
0.9999999999999996,0.8740956615501276
,0.8748252042863623
,0.8751482087695673
,0.8752928257292083
0.9989680246027661,0.875316501395059
0.999999999998237,0.8753961370443427
0.9999996504251764,0.8763621154140199
,0.8768805147515867
,0.8772169479906575
,0.8775506995912011
0.9999999968439357,0.8776952726889048
,0.8780256535169599
,0.8780769480816045
0.9999992508122184,0.878378913619089
0.9999999336109993,0.8783969815343656
0.99999999688769,0.8792840949067826
,0.879500344680794
,0.8795010017711471
,0.8796590637590621
0.997708932689855,0.8797366481548944
,0.8798692599908735
,0.8803600411592919
,0.8813453405123577
,0.8821303255417712
0.9796893882268137,0.8826239392172631
,0.8828400773892033
0.9949277342979944,0.8852719680733573
0.9999999664960924,0.8854661211017948
,0.8857420992781794
1.0,0.8864105734187298
,0.8865292463182652
0.9477044503842835,0.8868966341441082
0.9999999999998939,0.8869148218112781
0.9999999863179172,0.8874743371658748
0.9972863486522782,0.8878189408230835
,0.8878966221091454
0.9991480889260727,0.8879140574247368
,0.8882865986685781
,0.8885360225333668
,0.8887247510619443
,0.8893107563169866
0.9848662526668001,0.889649849065553
,0.8897522326204744
0.9541565933892755,0.8897660581617277
0.9999990106871557,0.8901564956487226
,0.8903241286803094
,0.8905470929878486
,0.8906560417418362
0.9875773171975163,0.8907985804071119
,0.8915244619012085
0.9356598418779148,0.8918966754373328
,0.8929192406020795
0.9999997009931756,0.8932535323985227
,0.8935255215990732
,0.8936107391330991
,0.8938695110944092
0.998001413638463,0.8942600133491969
,0.8949071376878728
,0.8960219940500156
,0.8960799418970525
,0.8961510222082096
0.9999157381789044,0.8965384746488393
,0.896558410943086
,0.8967612948398804
,0.8970816841547772
0.9527257513903638,0.8974317027211394
0.9351171124751582,0.8982291077557739
0.9999999997155484,0.89832683691356
,0.8991142278207773
,0.8995520320453027
,0.8997389081143075
0.9604889280241857,0.8999259576269198
,0.8999741141237284
,0.9002857161559836
,0.9005637075030715
0.9999999464135207,0.9006365153741466
0.9790349309647451,0.9021810001734567
0.9727703216232102,0.9024401739416458
,0.9029901212560257
0.9999842669572759,0.9038154424295312
,0.9038617019867576
,0.903931561654454
,0.9040206071056669
0.9776243455024279,0.9042337227077913
,0.9042753405986037
,0.9049954005284842
0.9999999999999258,0.9050386463590877
,0.9057741021275956
,0.9060744468269064
,0.9065157935530297
,0.906571565878795
,0.9071703912522799
,0.9072321484782394
,0.907956717761912
,0.9080300466973038
0.996009192043741,0.908621651502607
0.9978155985550509,0.9086860256878936
,0.9091912338945131
,0.909861806122672
,0.9100083346426462
0.9983224611424935,0.9104730241380319
0.9960456710863149,0.9109134168493598
,0.9111538919235146
,0.9111550941995269
,0.911549247718846
0.9756321821863699,0.9118028375763181
,0.9120227592593148
,0.9122162795847152
,0.9123973372856262
,0.9125411424408602
0.9999999999999827,0.9133221893136234
,0.9136406189190844
0.9999999999072262,0.9136721597549247
0.978614548522952,0.9139185836129766
,0.9139653237454051
0.9716080574077277,0.9145174576637549
0.9999999999997415,0.9145289153050302
,0.9147715889870897
,0.9158649911874897
0.9980107912117556,0.9165023567275293
,0.9168930017091856
,0.9171270218267449
,0.9173465112589818
,0.9173682664218034
0.9999777307923572,0.9174312927902516
,0.918211752578412
0.9999992782389708,0.9186134313649335
,0.9190513712431414
,0.919219828691946
0.9842080880832961,0.9198124633745671
,0.9202850724120959
,0.9210560521978037
,0.9216953884584453
0.9932674398658083,0.9217267109437833
,0.9217382231867401
,0.9217755386727247
,0.9222092498170937
,0.9223235548469118
0.9999999189973968,0.9226852666090006
,0.9228208157327088
0.9787893231455217,0.9228951663659581
,0.9230378014987418
,0.9232079759480414
0.9981878638058309,0.9236498927510248
0.9999929570748759,0.9240499156554258
,0.9242388247893936
,0.9242688076484948
,0.9246926124675298
0.9999999999998108,0.9254291191418648
,0.9257068912689723
0.9998265650698286,0.9257312074240592
,0.9272409373680535
,0.9272586522618724
,0.9273107867785395
,0.9277036940660802
,0.9286524108945811
,0.928679058703683
,0.9287273915408389
,0.9302588772542859
,0.9305462893529903
0.9999999999267348,0.9311838743512562
,0.9314208270346644
0.9939800969718071,0.9320414737447444
0.9941982094290661,0.932202265353094
0.9999999999611109,0.9327780921447035
0.9696460840223614,0.9334386756497112
,0.9335093530337882
0.9999999999998335,0.9340969068150378
,0.9341811887055543
,0.9346076305938353
,0.934730136933618
0.9964467299556576,0.935255335791419
,0.9358835787885853
,0.9360460333408457
,0.9361589405511994
,0.936180073407909
,0.9363592222998623
,0.9366075461799209
,0.9366097901359152
,0.9368457493744027
,0.9370592150595737
,0.9376853583365564
0.999999999813568,0.9380035340774012
,0.9382134222883778
,0.9382698465087669
0.9999930528420448,0.9385227795021795
,0.9385648109822291
,0.9387115961095547
,0.9391372057549836
0.9736736645136355,0.9391768099183895
,0.9399579559240739
,0.9401574226344414
0.999999999505351,0.9401838488383116
0.9998024296687754,0.9410303879608163
0.9976044703850774,0.9412004423151742
0.9879458948512279,0.942015660805463
,0.9421219018414986
,0.9422045030993367
,0.942563761714765
0.9868489445226765,0.9428106057188763
0.9999999998908755,0.9437659662378629
0.9999999998498776,0.944984049529381
0.9977681323191061,0.9451095751279582
,0.9460457859762298
,0.9463248712078042
0.9987429617137907,0.9464112485269026
,0.9464566190984531
0.999995095730959,0.9464820663187535
,0.9465990952154628
,0.9468023835882955
,0.9469567401792232
,0.9472824067315692
,0.9473579484402439
,0.9474413717240798
,0.948332539486199
,0.9496122870939493
,0.9500905273479113
,0.9507168917345146
0.996172275430545,0.9507903126555337
0.9999922271651251,0.9512649595288039
,0.9518637550911945
,0.9520962990318653
,0.9530309120279996
,0.9531730099440164
,0.9534068097670793
,0.9536865549647646
,0.954281431235352
,0.954618861848958
,0.9551267204070207
,0.9552403648055076
0.9999985979732701,0.9553721864625132
,0.9556457813866125
0.9998983304787085,0.9557708399966064
0.9647128650934532,0.9567107936102998
0.9982844800372259,0.9575452226864994
,0.9577560633226866
,0.9581505170474809
,0.9581801115241216
,0.9581821846295825
0.9999999781364366,0.9581995881033355
0.9999999951379019,0.9584655797101247
,0.9585716600758597
,0.958644924422002
0.9964203288704875,0.9590632313603658
,0.9593514896061462
,0.9595011507258828
,0.9599873075636736
0.9999999676799348,0.9600848378962266
,0.9601923652265194
,0.9614592500401817
,0.9615739365922649
,0.9619933014104307
0.9999999999998901,0.9627087021721967
,0.9629746924669123
,0.9635673430104528
,0.9642827810791283
0.9999999999936808,0.9643958475355308
,0.9645500977623522
,0.9649516342599326
0.9999999999476039,0.9652729281365383
0.9998855014650537,0.9653906256109088
0.9999998026570857,0.9664186487515186
,0.9665261429919629
,0.9665450955702186
,0.9668296584270317
,0.9673781189567692
0.9908710946971175,0.9674230647277128
,0.9681960475718037
,0.9683227263288174
,0.96911024363144
,0.969114675534536
,0.9695091120292646
0.9998931953555223,0.9706029257639766
,0.9724591121889552
,0.9728780446679057
,0.9731836711726453
1.0,0.9743562817455435
,0.974517611430635
0.9999999988259531,0.9749071229231197
,0.9749172905262588
0.9959635884933769,0.9756903441356175
,0.9759698464217912
0.9999999998611715,0.9764915125233841
0.9981964834455568,0.9765278139042177
0.9886964401958123,0.9766976494633977
0.9998333937911869,0.9770268241484239
,0.97708961701251
,0.977248160590798
0.9936922069080075,0.9774071234380749
0.9998365716148971,0.977460070475308
0.9952059713447381,0.9775778688320189
,0.9776250669541163
,0.9786734206310551
,0.9788427128275383
,0.9790252484158839
,0.9791338951386288
,0.979296288767373
,0.9794397872189171
0.9999981834525603,0.9798328883872883
,0.9798367411270392
0.9999999796568441,0.9799941606022099
,0.9810734623810684
,0.981216662215039
0.9999999995462081,0.9814173500653977
0.9999999816674671,0.981953488956275
0.9938900392817736,0.9821285198239821
,0.9834126635002743
,0.9843118694990757
,0.9845312187259979
0.999713421796471,0.9862519217400846
,0.9864255530712764
,0.9870548444658316
0.9966988264946607,0.9877004591706532
0.9975283623480096,0.9883898759884858
0.9999913649405724,0.9888706787972636
,0.9890360078222896
0.9999999998890385,0.9897410913586128
0.9999999999851106,0.9900063731450943
0.9991722845030928,0.9900587921042034
,0.9903179432925336
,0.9907173552029951
,0.9907958641802981
0.9999999999999853,0.9914254039442791
,0.9916137033598887
1.0,0.9921462086764813
,0.9924834328585701
0.9979691579474906,0.9926852778158589
,0.9931465938050867
0.9999521294638567,0.9938446796096712
,0.9943726453919022
,0.994813670025674
0.9989883718691127,0.9955076689873823
,0.9959424653510953
0.9994026185085376,0.9963706349501184
,0.9976822406604764
,0.997749468327253
,0.9979543178842427
0.9999998467357958,0.9982825638079541
,0.9993459512014745
,0.9994580287384456
,0.9999163804939553
